<?xml version="1.0" encoding="UTF-8" standalone="yes"?>
<manifest>
  <control namespace="StarRating" constructor="StarRating" version="0.0.1" display-name-key="StarRating" description-key="StarRating description" control-type="standard" api-version="1.3.15">
    <external-service-usage enabled="false"/>
    <property name="Rating" display-name-key="Rating" description-key="Property_Desc_Key" of-type="Whole.None" usage="bound" required="true"/>
    <resources>
      <code path="bundle.js" order="1"/>
      <css path="css/StarRating.css" order="1"/>
    </resources>
    <built-by name="pac" version="1.34.3"/>
  </control>
</manifest>