<?xml version="1.0" encoding="UTF-8" standalone="yes"?>
<manifest>
  <control namespace="ToggleButton" constructor="ToggleButton" version="0.0.1" display-name-key="ToggleButton" description-key="ToggleButton description" control-type="standard" api-version="1.3.15">
    <external-service-usage enabled="false"/>
    <property name="ToggleValue" display-name-key="ToggleValue" description-key="Toggle on or off" of-type="TwoOptions" usage="bound" required="true"/>
    <property name="ToggleColor" display-name-key="ToggleColor" description-key="Change Background Color" of-type="SingleLine.Text" usage="input" required="false"/>
    <property name="ToggleRound" display-name-key="ToggleRound" description-key="Yes for Rounded No for Square" of-type="TwoOptions" usage="input" required="false"/>
    <resources>
      <code path="bundle.js" order="1"/>
      <css path="css/ToggleButton.css" order="1"/>
    </resources>
    <built-by name="pac" version="1.34.3"/>
  </control>
</manifest>