<?xml version="1.0" encoding="UTF-8" standalone="yes"?>
<manifest>
  <control namespace="OptionSetTitleOnly" constructor="OptionSetTitleOnly" version="0.0.1" display-name-key="OptionSetTitleOnly" description-key="OptionSetTitleOnly description" control-type="standard" api-version="1.3.15">
    <external-service-usage enabled="false"/>
    <property name="options" display-name-key="choice/option" description-key="Property_Desc_Key" of-type="OptionSet" usage="bound" required="true"/>
    <property name="title" display-name-key="Property_Display_Key" description-key="Property_Desc_Key" of-type="SingleLine.Text" usage="input" required="true"/>
    <resources>
      <code path="bundle.js" order="1"/>
      <css path="css/OptionSetTitleOnly.css" order="1"/>
    </resources>
    <built-by name="pac" version="1.34.3"/>
  </control>
</manifest>