<?xml version="1.0" encoding="UTF-8" standalone="yes"?>
<manifest>
  <control namespace="ToggleRoundBtn" constructor="ToggleRoundBtn" version="0.0.1" display-name-key="ToggleRoundBtn" description-key="ToggleRoundBtn description" control-type="standard" api-version="1.3.15">
    <external-service-usage enabled="false"/>
    <property name="boolValue" display-name-key="boolValue" description-key="true for on false for off" of-type="TwoOptions" usage="bound" required="true"/>
    <resources>
      <code path="bundle.js" order="1"/>
      <css path="css/ToggleRoundBtn.css" order="1"/>
    </resources>
    <built-by name="pac" version="1.34.3"/>
  </control>
</manifest>