<?xml version="1.0" encoding="UTF-8" standalone="yes"?>
<manifest>
  <control namespace="ProgressBar" constructor="ProgressBar" version="0.0.1" display-name-key="ProgressBar" description-key="ProgressBar description" control-type="standard" api-version="1.3.15">
    <external-service-usage enabled="false"/>
    <property name="Percentage" display-name-key="Percentage" description-key="Fill the Percentage" of-type="Whole.None" usage="bound" required="true"/>
    <property name="BarColor" display-name-key="BarColor" description-key="Fill the Percentage" of-type="SingleLine.Text" usage="bound" required="false"/>
    <resources>
      <code path="bundle.js" order="1"/>
      <css path="css/ProgressBar.css" order="1"/>
    </resources>
    <built-by name="pac" version="1.34.3"/>
  </control>
</manifest>